<positions>
    <element name="audio">
        <x>0.000000000</x>
        <y>115.000000000</y>
        <width>1300.000000000</width>
        <height>126.000000000</height>
    </element>
    <element name="bangs">
        <x>0.000000000</x>
        <y>906.000000000</y>
        <width>1300.000000000</width>
        <height>69.000000000</height>
    </element>
    <element name="colors">
        <x>0.000000000</x>
        <y>728.000000000</y>
        <width>1300.000000000</width>
        <height>67.000000000</height>
    </element>
    <element name="colors_0">
        <x>0.000000000</x>
        <y>541.000000000</y>
        <width>1300.000000000</width>
        <height>40.000000000</height>
    </element>
    <element name="colors_1">
        <x>0.000000000</x>
        <y>465.000000000</y>
        <width>1300.000000000</width>
        <height>40.000000000</height>
    </element>
    <element name="colors_2">
        <x>0.000000000</x>
        <y>533.000000000</y>
        <width>1300.000000000</width>
        <height>40.000000000</height>
    </element>
    <element name="curves">
        <x>0.000000000</x>
        <y>401.000000000</y>
        <width>1300.000000000</width>
        <height>104.000000000</height>
    </element>
    <element name="curves_0">
        <x>0.000000000</x>
        <y>659.000000000</y>
        <width>1300.000000000</width>
        <height>41.000000000</height>
    </element>
    <element name="curves_1">
        <x>0.000000000</x>
        <y>574.000000000</y>
        <width>1300.000000000</width>
        <height>40.000000000</height>
    </element>
    <element name="dropdownflags">
        <x>0.000000000</x>
        <y>728.000000000</y>
        <width>1300.000000000</width>
        <height>123.000000000</height>
    </element>
    <element name="dropdownflags_0">
        <x>0.000000000</x>
        <y>1003.000000000</y>
        <width>1300.000000000</width>
        <height>100.000000000</height>
    </element>
    <element name="fileselectflags">
        <x>0.000000000</x>
        <y>269.000000000</y>
        <width>1300.000000000</width>
        <height>104.000000000</height>
    </element>
    <element name="fileselectflags_0">
        <x>0.000000000</x>
        <y>533.000000000</y>
        <width>1300.000000000</width>
        <height>98.000000000</height>
    </element>
    <element name="flags">
        <x>0.000000000</x>
        <y>512.000000000</y>
        <width>1300.000000000</width>
        <height>100.000000000</height>
    </element>
    <element name="flags_0">
        <x>0.000000000</x>
        <y>429.000000000</y>
        <width>1300.000000000</width>
        <height>40.000000000</height>
    </element>
    <element name="lfo">
        <x>0.000000000</x>
        <y>446.000000000</y>
        <width>1300.000000000</width>
        <height>239.000000000</height>
    </element>
    <element name="lfo_0">
        <x>0.000000000</x>
        <y>876.000000000</y>
        <width>1300.000000000</width>
        <height>40.000000000</height>
    </element>
    <element name="lfo_1">
        <x>0.000000000</x>
        <y>1122.000000000</y>
        <width>1300.000000000</width>
        <height>40.000000000</height>
    </element>
    <element name="switches">
        <x>0.000000000</x>
        <y>906.000000000</y>
        <width>1300.000000000</width>
        <height>40.000000000</height>
    </element>
</positions>
